cat1,cat2,human_relatedness,nounbased_cos,namebased_cos,exemplar_cos
revolutionary,revolution,0.98,0.5280613562121822,0.6506122207711095,0.25144430260176154
father,son,0.979591836734694,0.3288926061941675,0.38139347769399107,0.12412986869981757
prophet,apostle,0.96,0.4103225270355557,0.4587792463183764,0.11062088831897934
lyricist,songwriter,0.96,0.3683829250432821,0.4592076608483076,0.15730097711503915
port,port_of_entry,0.96,0.22136137855863336,0.4490055366763453,0.06563472822167962
emperor,empire,0.96,0.27407858146453234,0.5398722982376902,0.1943308051610786
pianist,songwriter,0.9591836734693876,0.3932825547691165,0.4823973892652609,0.159342917017189
sea,bay,0.94,0.12184371996397615,0.7328745144260819,0.1843959550519124
lawyer,jurist,0.94,0.25302665747180897,0.4431813370961821,0.11040791904816473
bible,prayer,0.94,0.4692545514826778,0.4097094571454836,0.18071445636810712
religious_text,bible,0.94,0.8742823154976402,0.5606965688595701,0.21440668675366745
prophet,martyr,0.9387755102040816,0.3225382477557842,0.3807977974414085,0.11061691871126393
artist,songwriter,0.9387755102040816,0.41311936520194736,0.3336073669477322,0.12168014191570485
state_capital,capital,0.9387755102040816,0.16469524517499326,0.25656312758969424,0.062284410231353435
organist,pianist,0.92,0.3631739926598079,0.7351528526580704,0.269722167077381
river,waterfall,0.92,0.16537292589695862,0.4780502659359282,0.08167176566882531
biologist,scientist,0.92,0.31727917157205576,0.4898350053096237,0.15153243200265162
district,capital,0.92,0.23947586844153634,0.28164284189819,0.05719464352603451
region,country,0.92,0.2342901348368477,0.3509207215824424,0.06769926589951039
waterfall,lake,0.92,0.16176150971500747,0.4686215530979954,0.09767867897039643
town,village,0.9183673469387756,0.2457490957097193,0.4224488639870003,0.07171390495056948
town,district,0.9183673469387756,0.16355820085030048,0.3231089321844267,0.03657630697458409
composer,songwriter,0.9183673469387756,0.34885134958647496,0.4288756558101824,0.15267763582682745
lawyer,chief_justice,0.9,0.25868531476737144,0.4631127669212195,0.11088615749675787
composer,lyricist,0.9,0.35390532984423273,0.4503530174817658,0.16807210988818366
roman_emperor,empire,0.9,0.1686360762112742,0.5735583191960208,0.2242125578315102
god,prophet,0.9,0.5012637869947202,0.685167329274957,0.2479259618959391
roman_emperor,emperor,0.9,0.28520564734864284,0.6732363544598526,0.2752455596354732
district,region,0.9,0.21761395049841847,0.4283878326763062,0.05909453802909336
playwright,writer,0.9,0.30928874426025954,0.7436476424108187,0.16993093029639536
evangelist,prayer,0.9,0.3624865747244266,0.3379291851790993,0.10690080052356704
father,apostle,0.9,0.3954704343934728,0.6224067960291478,0.1337566964835431
soldier,war,0.9,0.21121401948232665,0.4196299102750891,0.08801232533323429
bishop,pope,0.8979591836734694,0.5907548151017775,0.4236927593663964,0.11582985668236127
bandleader,songwriter,0.8979591836734694,0.4317359312812228,0.5153187596989177,0.2257732934913127
prophet,bible,0.8979591836734694,0.4712217537219159,0.5865725450402915,0.21968657080092668
chemist,scientist,0.8979591836734694,0.3427778756421587,0.4954662447782525,0.10337074135973837
religious_text,prayer,0.8888888888888888,0.5213232555253094,0.4437988960388615,0.1854438900244717
patriarch,pope,0.88,0.4035052369364824,0.3229090786973894,0.0948127703606724
river,channel,0.88,-0.03292309699444518,0.4203295534527776,0.09868018097085604
physicist,chemist,0.88,0.3243836297607322,0.8478227607018698,0.14364557045002596
revolution,war,0.88,0.3406961127575621,0.7218258810187184,0.268806658056988
physicist,astronomer,0.88,0.3752382818105103,0.7046206092598469,0.13269397154543516
bishop,apostle,0.88,0.4124001613423316,0.5543633160817795,0.125413692338552
city,village,0.88,0.1432701721379126,0.3172513649134996,0.04786270356327717
organist,tenor,0.88,0.2758279755135382,0.4293580738753895,0.18545846966018528
film_producer,actor,0.88,0.3768567891520263,0.7920014839137904,0.2048461448933836
star,constellation,0.88,0.057096452460185465,0.8090856312309181,0.2361242715930854
god,bible,0.88,0.6570087824411398,0.4619324109930876,0.1801483754820752
town,borough,0.88,0.3125969883343679,0.30865768209393485,0.06129632416517285
god,apostle,0.8775510204081632,0.4886502160731572,0.3332943404095483,0.08368147739080428
composer,bandleader,0.8775510204081632,0.3163768305681109,0.4234036330325751,0.20210515612486465
river,lake,0.8775510204081632,0.191034203896868,0.7420688546794991,0.15550231141578405
city,capital,0.8775510204081632,0.1503871434429499,0.4401059776584901,0.07167544853769735
prayer,epistle,0.86,0.4598831498343785,0.4844978926156446,0.26840982604715685
bible,epistle,0.86,0.6775068777078816,0.5864518234107383,0.2973195392598473
patriarch,doctor_of_the_church,0.86,0.317771102086599,0.30652627495065765,0.09581832846646997
doctor_of_the_church,pope,0.86,0.51915000360642,0.3521873886577036,0.09160941183686352
city,town,0.86,0.4192609429749444,0.680708443794187,0.061797046076650826
pope,archpriest,0.86,0.42507389080852653,0.2943761460969048,0.07104406564459588
politician,statesman,0.86,0.2635506636085104,0.59912508871871,0.07854346832945601
binary_star,constellation,0.86,0.0850039897017626,0.825508049452507,0.2399770756552093
evangelist,bible,0.86,0.2343813526136921,0.284109233428534,0.08224607686058613
bishop,archpriest,0.86,0.5104438200802407,0.43459411480620935,0.11736028477820043
lake,channel,0.86,0.008481023885777983,0.4293021447898183,0.12296535664468615
island,peninsula,0.86,0.26404035823463257,0.6622185561786145,0.1100605152863387
mathematician,physicist,0.86,0.4846941909608573,0.7639286734906767,0.15637567707362154
writer,poet,0.86,0.2826557803170905,0.8608652966958591,0.18690304548452047
state,state_capital,0.86,0.208811916482457,0.0788560330145095,0.01405230152569802
religious_text,prophet,0.86,0.4544207644393639,0.7249253469496115,0.2572040694646813
river,sea,0.86,0.11047068008973317,0.4477619817739573,0.09533938023363443
apostle,bible,0.86,0.4997815097910092,0.33765758541928104,0.08774771363706392
town,county,0.86,0.16278745552533858,0.250201100671269,0.05984469930458802
surgeon,neurologist,0.86,0.3678747375654501,0.5440723414837806,0.16586031816743102
apostle,prayer,0.86,0.44213572888516,0.5631687114438579,0.1599271148978755
sea,lake,0.8571428571428572,0.04931393794413952,0.6003053849376409,0.15594910035219192
pope,patron_saint,0.8571428571428572,0.4017014972621933,0.2568576243713437,0.07387352860114528
pope,religious_text,0.8571428571428572,0.4330899874013208,0.2102938648191605,0.062562164384496
apostle,epistle,0.8571428571428572,0.495190314985016,0.4836857027542788,0.15787417172596352
sea,channel,0.8571428571428572,0.044485971327778207,0.5596307281255326,0.1628734030605811
god,father,0.84,0.5953155969723226,0.2755824557157033,0.08887161371544107
gulf,channel,0.84,0.002304441399178181,0.5921596259798574,0.17210481683863085
bay,lake,0.84,0.2969970297554229,0.659663190973375,0.16334582253669033
patriarch,epistle,0.84,0.2853632083076768,0.5565707123818294,0.2638211011726945
settler,colony,0.84,0.22733333385462476,0.39357295714540497,0.11678854463468367
star,asterism,0.84,0.033757629013635215,0.3157578995677506,0.10513356044783002
sea,strait,0.84,0.13400845646437687,0.7650778186794298,0.21261435266358067
archipelago,island,0.84,0.30477350876325016,0.8801293783864379,0.16801738625985535
god,religious_text,0.84,0.6574004572661698,0.5280251556720688,0.19507751656006905
father,prayer,0.84,0.388173418915146,0.4881367181301045,0.17804409150807224
father,epistle,0.84,0.413712645819007,0.4568946316393714,0.1915465427313472
physicist,scientist,0.84,0.4672412241612742,0.5097274155250986,0.10950995699439192
sea,gulf,0.84,-0.0009682047962724648,0.8652887581802169,0.22809040289449814
city,county,0.84,0.20497543495809645,0.2716455267007125,0.057742933605145735
evangelist,religious_text,0.84,0.2850537757357801,0.2590100130171642,0.07103190661574192
town,country,0.84,0.1212299580850067,0.12847969976365092,0.020339198819525287
emperor,palace,0.84,0.26036319867308144,0.42777264816452587,0.1688032177228627
city,region,0.84,0.16290463279695933,0.35135258343002995,0.0388695789903445
doctor_of_the_church,apostle,0.84,0.3554050076127093,0.6392525168785145,0.13760313964354073
district,colony,0.84,0.10816767614523526,0.3000512758336897,0.05172282688824796
village,settler,0.84,0.21502343630925214,0.3531787348756989,0.11436766686674757
war,crusade,0.84,0.10784439277264346,0.5500692480125383,0.20406775102114985
river,bay,0.84,0.20053869398735732,0.6183751244488719,0.12550228433354468
playwright,poet,0.8367346938775511,0.33178210724711765,0.7267008560338415,0.1816287725651683
patriarch,bishop,0.8367346938775511,0.3488786932566211,0.4145511895958498,0.13619701074609888
prophet,prayer,0.8367346938775511,0.3477908000135284,0.4906160434171474,0.20078777228961925
archpriest,epistle,0.8367346938775511,0.2711309922543583,0.2926526148931852,0.11402289781895936
prophet,epistle,0.8333333333333334,0.4094992113486623,0.7840786593469606,0.36883148609998667
community,village,0.8200000000000001,0.13518478746781193,0.18928479861582648,0.05955332376061059
bishop,religious_text,0.8200000000000001,0.3833198999647041,0.4793640578478752,0.15957226299143604
pope,prayer,0.8200000000000001,0.2499665815883676,0.24497534252638345,0.08406636149548588
peninsula,cape,0.8200000000000001,0.18922587470350904,0.6141723922262851,0.12736955839043024
general,admiral,0.8200000000000001,0.4725133454924256,0.39254034849174796,0.06624295166203803
port,bay,0.8200000000000001,0.19038706553657211,0.37321481986746585,0.058268532426848624
god,prayer,0.8200000000000001,0.4448734336521073,0.4029636889758035,0.17172317937018555
city,district,0.8200000000000001,0.24310961759560526,0.40928094863034215,0.041175654952944056
island,sea,0.8200000000000001,0.24524020531229065,0.6350241211628012,0.13133901507397486
apostle,martyr,0.8200000000000001,0.2839092500046165,0.5381330663217311,0.10846574808555667
range,plateau,0.8200000000000001,0.0019918684481032845,0.6631421571928034,0.1700866941365114
river,strait,0.8200000000000001,0.11347201509940885,0.5247668322861181,0.1176356559631888
composer,pianist,0.8200000000000001,0.4084480056102815,0.8807032698307103,0.31695173219742484
country,capital,0.8200000000000001,0.11745504879733383,0.3592938429252239,0.10203660644556896
bay,gulf,0.8200000000000001,0.009426615258667505,0.7331872619169443,0.18422153429455668
town,street,0.8200000000000001,0.09463210625946472,0.2087744772904887,0.03048607481625142
bishop,doctor_of_the_church,0.8200000000000001,0.4251558813809403,0.6345792523602597,0.18469080105112012
doctor_of_the_church,religious_text,0.8163265306122449,0.44778176658609337,0.34465997831847184,0.10916407401374864
astronomer,terrestrial_planet,0.8163265306122449,0.3799107369864996,0.4484804754826232,0.10711175963972762
missionary,bishop,0.8163265306122449,0.4490348406226964,0.5266514749527756,0.13014602232821434
archipelago,strait,0.8163265306122449,0.1897479177270184,0.6067357779081286,0.15563053773243016
town,colony,0.8163265306122449,0.07016460581644658,0.4603767764337654,0.07161185040989555
king_of_england,palace,0.8163265306122449,0.16836300977664287,0.4441080489852558,0.12648623827892136
waterfall,channel,0.8,-0.017936273684786563,0.2393741708121545,0.055897622759465165
apostle,religious_text,0.8,0.5381922769613711,0.3212118992952505,0.07907713310962237
choreographer,lyricist,0.8,0.3169403242357945,0.4339293702209086,0.1660896028391854
eon,era,0.8,-0.02408246512319101,0.7435903777742788,0.3761891283062617
binary_star,asterism,0.8,0.24043961112537604,0.3071701987822554,0.1018748395759677
revolution,emperor,0.8,0.1848701003205765,0.4411118368617044,0.1774090252296537
binary_star,star,0.8,0.06631512910568116,0.8532331205955356,0.36406695956412816
doctor_of_the_church,archpriest,0.8,0.3927356000745357,0.34351040614851225,0.08826236057516221
patron_saint,bible,0.8,0.17135520444789631,0.1824228000127516,0.06743579121231155
queen,palace,0.8,0.2280414166837472,0.4539223505772136,0.158359675352891
city,state_capital,0.8,0.12109567962346135,0.5560126367268741,0.06686854682155131
patriarch,apostle,0.8,0.2634088097540305,0.3691789348434311,0.08970002043419813
gulf,strait,0.8,0.10640684653758203,0.7188804239981639,0.19950388069499406
range,valley,0.8,-0.06415664678451027,0.4556577021911421,0.12220891633242563
island,continent,0.8,0.2046291953456948,0.3699886280046545,0.09505858940295968
astronomer,binary_star,0.8,0.3398598168689839,0.5338297100740607,0.1569078009732733
port,sea,0.8,0.21834592838969724,0.4260417239724541,0.06978205324743335
river,valley,0.8,0.1300049107929121,0.34925382568898844,0.07960330206696434
region,county,0.8,0.16742665613357965,0.11141087232285707,0.03247334613835946
bay,isthmus,0.7959183673469388,0.04234876902219775,0.40318937545781264,0.1141979626673486
city,colony,0.7959183673469388,0.07907133068943628,0.35499837861865746,0.049074431200388235
lake,island,0.7959183673469388,0.12084587477563435,0.4171598563367099,0.0849128049462802
composer,artist,0.7959183673469388,0.30134505222178154,0.3557022833055896,0.14135138109769055
sea,waterfall,0.7959183673469388,0.042705269742451146,0.279847683784586,0.05926986584991921
artist,poet,0.7959183673469388,0.2885419121741,0.5660353766671652,0.17600551568179962
missionary,saint,0.78,0.26067218885672583,0.7243207361738576,0.12756600421559214
bay,strait,0.78,0.11126492748415184,0.7564937699565284,0.20038725723720904
missionary,epistle,0.78,0.3044600431350446,0.3477448607491147,0.12398830504053596
missionary,bible,0.78,0.2508157463220189,0.28246184582919864,0.08018369002477663
composer,tenor,0.78,0.29574157432091386,0.5388672549053852,0.2283134408267242
constellation,asterism,0.78,0.07212362367919622,0.355302695579528,0.08059448290764001
missionary,apostle,0.78,0.3546512142176204,0.6474304206146181,0.11833001028605
dictator,empire,0.78,0.1770197273820493,0.34433976081285866,0.13124644109656006
mathematician,scientist,0.78,0.3913257261438676,0.5540019095621087,0.13964455274757595
region,desert,0.78,-0.007895780738251146,0.3666307709764141,0.06941705575294299
region,valley,0.78,0.1970141721779517,0.3407921919880068,0.07299599805527639
doctor_of_the_church,bible,0.78,0.3755070798319613,0.325419414213036,0.10879929637081548
artist,old_master,0.78,0.2795242645041249,0.6914420476292151,0.3132401907595069
jew,religious_text,0.78,0.2854980761671383,0.4567977320247816,0.14913263966333473
doctor_of_the_church,prophet,0.78,0.2884239894154773,0.3716597240250954,0.11529381911094505
soprano,tenor,0.78,0.4673223376722786,0.7613724015389056,0.3257871593833448
god,pope,0.78,0.3748435812583386,0.2271973839740005,0.06893529952263637
strait,channel,0.78,0.02647799419043828,0.6766898714780166,0.20734014459037192
city,borough,0.78,0.25262901005613314,0.29742919509591204,0.05249381197756503
eon,epoch,0.78,0.11070011297985648,0.6894881274818506,0.4389837714799628
plateau,valley,0.78,0.08091940034195401,0.4153059922449236,0.1201256503425394
era,epoch,0.78,0.016378659277613058,0.704924443307943,0.3722724815023187
lake,gulf,0.78,0.06360392584361008,0.6167411995482034,0.1599996742300311
national_park,waterfall,0.78,0.15992232263907602,0.4446590579063847,0.11078501140198024
district,village,0.7755102040816326,0.19590280684779335,0.2387528759843428,0.04491306799979894
island,bay,0.7755102040816326,0.2078793884028507,0.5442760943385819,0.10729933740405566
desert,plateau,0.7755102040816326,0.1472717416802647,0.6067704281436115,0.15514139517530606
actor,comedian,0.7755102040816326,0.31601634435366377,0.7795607212561471,0.16655069188130933
colony,empire,0.76,0.2806708677077715,0.10042635020924262,0.028674787544503987
god,jew,0.76,0.24817639949661965,0.511711358135688,0.17037904070953294
archipelago,sea,0.76,0.2256767655903851,0.6865618343013042,0.16727584252436667
capital,empire,0.76,0.029518635916348845,0.10242271688561257,0.03445013463946242
district,state_capital,0.76,0.09380352133129644,0.20068847953135194,0.030095732178279558
hill,valley,0.76,0.2248131016851308,0.3457157163433118,0.08783935827465017
astronomer,asterism,0.76,0.2908719916854796,0.23173278154231505,0.0531474474160086
patriarch,bible,0.76,0.2285207517071705,0.44564862146867545,0.16818869888395546
district,county,0.76,0.23135561328140475,0.24531367193877496,0.06502249972286926
star,terrestrial_planet,0.76,0.0380444408674806,0.4567314713522037,0.15835556587671576
revolutionary,war,0.76,0.2796822845144744,0.4249733003429752,0.14234699086593533
peninsula,strait,0.76,0.14838114683793358,0.6250076463598481,0.13957298633421605
county,village,0.76,0.17524713820306892,0.2718241412131073,0.10804392418573112
bay,channel,0.76,-0.04220683658582214,0.6220430624283747,0.17256326072303876
district,borough,0.76,0.2324526757294695,0.13132353875614844,0.02890242578910336
cape,bay,0.76,0.20323731022702365,0.6774215186231557,0.16664048259923833
lyricist,bandleader,0.76,0.315920827468555,0.35840901456596364,0.1646189120984421
martyr,bible,0.76,0.17040933805555214,0.3681139761651699,0.11524959010988772
desert,valley,0.76,0.20714316418339151,0.3668743807286841,0.0980907132776222
continent,region,0.76,0.11250881758247733,0.4560740426845111,0.11336913810147932
state,country,0.76,0.16038044643217164,0.3336562695507257,0.06955933672028093
missionary,prayer,0.76,0.3227844495045211,0.41502780808054784,0.12874286293960222
suspension_bridge,river,0.76,0.14780353543230085,0.41311909701678906,0.09852285767508563
state_capital,country,0.76,0.1018236567584776,0.0982297824073225,0.02060135395239594
geneticist,neurologist,0.76,0.28899357637364864,0.28802783906447393,0.09429862679398626
town,settler,0.76,0.1255440532147668,0.19000399621696265,0.037024352372313794
city,port,0.76,0.2670336572492906,0.8954757741021963,0.08108908072942414
evangelist,father,0.76,0.1668354530287426,0.40894438985719417,0.09789820558503096
bishop,epistle,0.76,0.3174183039255388,0.468895115220122,0.20694212693459946
colony,village,0.7551020408163265,0.17604751832868148,0.354257669422509,0.09157553154280873
doctor_of_the_church,prayer,0.7551020408163265,0.2992581386767541,0.478202277070876,0.1747071961464986
town,region,0.7551020408163265,0.10482302645768826,0.17946070072909334,0.022338739542350515
cape,river,0.7551020408163265,0.08331983953177803,0.4442939876912391,0.09249044307407152
borough,village,0.7551020408163265,0.217987542805794,0.17586284621842796,0.05804030473830073
lyricist,pianist,0.74,0.3160694232295259,0.4030944862697681,0.13958687195455816
range,continent,0.74,-0.016205000826171382,0.3171929365808093,0.09872376060776096
patriarch,religious_text,0.74,0.309385434263894,0.6297688686493643,0.2251593595568788
empire,continent,0.74,0.2453731125563514,0.26727307503659337,0.10007000877438732
martyr,revolutionary,0.74,0.2622294809156225,0.28647647124871944,0.08322910917709132
mathematician,astronomer,0.74,0.2831883341177227,0.7422445190771895,0.16399809444882196
god,epistle,0.74,0.5112826970745488,0.6396112585591776,0.3132944384657926
pope,bible,0.74,0.3288357149348353,0.2397251421876354,0.07528284943113234
playwright,pianist,0.74,0.31033085795352644,0.4416202400849533,0.13088870608517053
dictator,revolution,0.74,0.33600364798610616,0.4966390419840118,0.21149952472809608
patriarch,archpriest,0.74,0.33864273238989084,0.2900087244844338,0.0841138212251916
river,isthmus,0.74,0.02593029749426301,0.3837930419292911,0.09199211504923277
surgeon,scientist,0.74,0.25388666179738284,0.42469327262523293,0.1013813992496218
constellation,terrestrial_planet,0.74,0.11028072051034732,0.4739872466151794,0.11196133005275258
strait,port,0.74,0.13701417942938732,0.3961217346698567,0.06830803680269239
siege,soldier,0.74,0.2223076785904992,0.5165701708210538,0.07961729231376752
island,strait,0.72,0.2763575549569466,0.5646148604781689,0.12294156873860065
martyr,religious_text,0.72,0.22041537155601001,0.3333060031615642,0.09885544746664937
borough,community,0.72,0.2113371953461676,0.032566209994273176,0.01198782568466475
composer,film_producer,0.72,0.34347803579032005,0.3315365598847736,0.11341402472710115
artist,pianist,0.72,0.3429037737741595,0.35157613908226737,0.12963363726629873
gulf,valley,0.72,0.07548267038845258,0.2128570858410164,0.06006441489572406
district,street,0.72,0.12415566459038417,0.11765291546446245,0.01903850848015788
sea,continent,0.72,0.0471898828772539,0.4161292684060268,0.13644814388590898
doctor_of_the_church,epistle,0.72,0.4643785647301526,0.4286096530675664,0.1799830436773839
dictator,war,0.72,0.18412586756595184,0.4498388351463666,0.16603630508674966
national_park,region,0.72,0.10680162242986137,0.1590499506139582,0.037438600007332665
missionary,religious_text,0.72,0.29245918699700424,0.2613310665791393,0.07027899646245853
region,village,0.72,0.12721303460347588,0.22229575125690093,0.04598419356232705
patron_saint,epistle,0.72,0.27559778759569364,0.232215644668862,0.1078205118534228
state_capital,village,0.72,0.10495273294436047,0.24288733959069675,0.05462138210770645
strait,isthmus,0.72,0.19180714044123195,0.4707927038823563,0.1472794929720058
pope,epistle,0.7142857142857143,0.3926829438644304,0.2019913298624334,0.07967167782651878
state,region,0.7142857142857143,0.19277075806474764,0.3334519901085073,0.05466052644791418
martyr,prayer,0.7142857142857143,0.3195438606481248,0.4285520712248903,0.1466094112443284
country,colony,0.7142857142857143,0.1625658950527864,0.20637010677529768,0.04974864718564074
lake,strait,0.7142857142857143,0.07567707316566485,0.5945371985128131,0.16260626009923293
missionary,archpriest,0.7142857142857143,0.251782090231915,0.3954808951551589,0.0862802852311266
siege,revolution,0.7070707070707071,0.24181353093601154,0.4365745136936293,0.1194694755560094
national_park,desert,0.7,0.12488606496709333,0.5103576866210056,0.14995462519477168
pianist,soprano,0.7,0.3185894864850625,0.6173026684741783,0.22435952134485188
man,actor,0.7,0.09763384565767064,0.18480881957078174,0.04664005874506103
lake,cape,0.7,0.1262037245785379,0.528605089637497,0.13425904544994374
jew,bible,0.7,0.34121939281924263,0.444380663154587,0.15314229344637215
god,doctor_of_the_church,0.7,0.3378380165686713,0.2458555815405099,0.07941509873401302
film_producer,lyricist,0.7,0.3220608278219943,0.3013097418535584,0.09917846976515947
father,religious_text,0.7,0.4554823236759131,0.3676530238913796,0.11625587545836225
empire,war,0.7,0.28693505709243106,0.4967110982089433,0.16555365725666218
missionary,doctor_of_the_church,0.7,0.3102263973944266,0.587502358988963,0.1381403686745332
isthmus,channel,0.7,0.005179086382253395,0.3832019481867952,0.1255465243646029
plateau,strait,0.7,0.07134480869294113,0.35180473113141153,0.1000813732559832
empire,president_of_the_united_states,0.7,0.15105463615229042,0.2151360712880416,0.06435936207065023
peninsula,bay,0.7,0.2983750343115079,0.6208609987122938,0.1255290538001723
plateau,isthmus,0.7,0.07975347134185717,0.3756132140323647,0.11425630803200193
scientist,geneticist,0.7,0.28637433221528696,0.24384255642434385,0.06251315161672805
prophet,patron_saint,0.7,0.17378081782359378,0.22571042705165645,0.07741864210074505
town,port_of_entry,0.7,0.02307062049578079,0.7250961637157389,0.10626188081220464
port,peninsula,0.7,0.2122351583716544,0.5062028978749429,0.06662745153477648
archipelago,cape,0.7,0.16353099900862533,0.6084589036145359,0.1449383691297662
strait,valley,0.7,0.05593053230748268,0.22719688662391324,0.06758668466917712
siege,crusade,0.7,0.12738767068353407,0.3556688230199083,0.09696433285153667
state,village,0.7,0.050029787998534185,0.11179317565356807,0.02499011128624764
island,valley,0.6938775510204082,0.21249437196781015,0.2197082290289517,0.04864196856902419
gulf,isthmus,0.6938775510204082,0.06557533308102426,0.5217704629038329,0.15483055200967635
plateau,channel,0.6938775510204082,0.048787103145377375,0.26784817875500266,0.07979912194499288
lake,isthmus,0.6938775510204082,0.013401940724644843,0.3883069549660669,0.11355785441757682
state_capital,borough,0.6799999999999999,0.03529466037969886,0.26279817864110944,0.06913674599446391
emperor,colony,0.6799999999999999,0.23853668319613466,0.08752442813651329,0.02613787877011847
asterism,astronaut,0.6799999999999999,0.1038984225018732,0.048032445504822,0.018626616303561345
sea,cape,0.6799999999999999,0.138315735902784,0.6459321195991709,0.16669927554392255
waterfall,strait,0.6799999999999999,0.0018452975071316933,0.3422553975776925,0.07631475862466791
river,continent,0.6799999999999999,-0.02223061488414646,0.19871751660204184,0.052560643570705085
athlete,thoroughbred,0.6799999999999999,0.2005690952742939,0.18209573532716167,0.0766782206834646
revolutionary,siege,0.6799999999999999,0.2099244399285325,0.3053471033914934,0.07515656008186909
empire,siege,0.6799999999999999,0.1448845071084821,0.289507085403756,0.07090889962360168
bandleader,tenor,0.6799999999999999,0.26488075097541075,0.29428405922390805,0.15345156890851022
region,state_capital,0.6799999999999999,0.06654895523799609,0.04445006584522737,0.007329490746123153
revolution,crusade,0.6799999999999999,0.0891180662467006,0.458028461964592,0.1960570346932467
region,settler,0.6799999999999999,0.0652435150076841,0.24040167214633434,0.05708691009787385
region,empire,0.6799999999999999,0.07738062439457982,0.4169268252826547,0.0952650992217208
peninsula,valley,0.6799999999999999,0.3411522291530589,0.322821200581602,0.07330033814312617
country,continent,0.6799999999999999,0.16644066123018386,0.3237332238151505,0.10234087184324896
port,town,0.6799999999999999,0.21735701417698505,0.5021604587402941,0.05116660603995945
port,archipelago,0.6799999999999999,0.04897175757659245,0.408610016699425,0.06177487235054808
port_of_entry,state,0.6734693877551021,0.03898819251026475,0.10625072367476884,0.020504985552150842
region,lake,0.6734693877551021,0.15375533713182346,0.3211224191337029,0.06323932638382396
empire,revolution,0.6734693877551021,0.3122876337782339,0.4286528891874459,0.1648421141291521
community,state,0.6734693877551021,0.10766159850191714,0.28632091166898044,0.07138656610611642
asterism,terrestrial_planet,0.6734693877551021,0.18147037549457146,0.172520360614842,0.04649079620677437
lake,hill,0.6734693877551021,0.12620619544154488,0.3242287456350951,0.0757407636143769
city,empire,0.6734693877551021,0.04924249810129433,0.3069321178470531,0.051146729363599285
archipelago,plateau,0.6734693877551021,0.15790004991387185,0.3160781184325614,0.07883265023413277
waterfall,bay,0.6599999999999999,0.1358588275421262,0.3319970556811129,0.06702342296186636
father,bible,0.6599999999999999,0.40831313860875096,0.3448747531219169,0.1151146988303198
borough,colony,0.6599999999999999,0.034421009501821365,0.3843191688123445,0.11621561929613848
town,valley,0.6599999999999999,0.17515548579534612,0.402708475884518,0.07078553898038882
suspension_bridge,architect,0.6599999999999999,0.11545216822077076,0.1996074216483682,0.05436238772509173
lake,plateau,0.6599999999999999,0.1094117385660578,0.4585626859249886,0.1219480777382204
martyr,war,0.6599999999999999,0.2323119145322168,0.3852429569476257,0.10784764170648166
port_of_entry,archipelago,0.6599999999999999,-0.03231733565314232,0.12321942630018345,0.02679331121016471
prayer,patron_saint,0.6599999999999999,0.25266858355422017,0.4144991457081793,0.16744385869518336
printer,web_browser,0.6599999999999999,0.19792560726045014,0.13824133001111227,0.040378053704431455
range,gulf,0.6599999999999999,0.05503703307767571,0.4230239576426757,0.10584520294391782
sea,plateau,0.6599999999999999,0.0905761702800134,0.3582632321158256,0.09680764139752268
lyricist,soprano,0.6599999999999999,0.17246837168005225,0.35752855969993524,0.1347542741532988
range,isthmus,0.6599999999999999,0.007568545809201298,0.4019234958754672,0.113364968097379
river,gulf,0.6599999999999999,-0.012735710163431335,0.5029178720768754,0.10693683172287424
range,waterfall,0.6599999999999999,0.02512830718878023,0.453260021146588,0.09111990090477992
region,bay,0.6599999999999999,0.1424633561411267,0.2534535773763911,0.04834206304325245
street,borough,0.6599999999999999,0.05314079142594985,0.4231122177024719,0.1201188572587669
peninsula,lake,0.6599999999999999,0.2445801081150889,0.5599868192934541,0.11690102488820285
martyr,jew,0.6599999999999999,0.16034589975107438,0.3625575285661348,0.09690552201771033
city,valley,0.6599999999999999,0.2243172608179277,0.3640712171367795,0.056872598623233274
country,borough,0.6599999999999999,-0.02045407774689689,0.09560619939986016,0.0294233619423705
composer,actor,0.6599999999999999,0.333612935488296,0.34093807572089,0.09998006336565278
crusader,roman_emperor,0.6599999999999999,0.3370160380126121,0.3564283902732004,0.1080493643454727
doctor_of_the_church,patron_saint,0.653061224489796,0.4296393908280289,0.49174130970090596,0.15057690725743172
bandleader,pianist,0.653061224489796,0.3890471805555542,0.4615740945638196,0.20443225567512846
continent,plateau,0.653061224489796,0.07139240843060779,0.2375036699237072,0.07972145162330868
lake,valley,0.653061224489796,0.1588759361441675,0.3472101869250647,0.0965551924242102
poet,illustrator,0.64,0.11205122062855166,0.538394634173483,0.15724936329196598
man,aviator,0.64,0.04066515739735088,0.09611708283728126,0.029252074374863626
university,engineer,0.64,0.12329746898708915,0.1747816941652658,0.039344499189751976
island,colony,0.64,0.13926197932692094,0.3150576061659047,0.06172638583203285
village,valley,0.64,0.1879539144399716,0.3293146323725,0.09618730411020923
continent,capital,0.64,0.08508799916202102,0.12199414243136285,0.044641128293686966
national_park,volcano,0.64,0.17232467133089124,0.3523290185565171,0.10849066906023183
city,continent,0.64,0.17746836135963406,0.2387952060391805,0.043290083819088866
war,historian,0.64,0.1625531080805045,0.4816895267882668,0.10951772416572446
patriarch,prayer,0.64,0.19130594792878408,0.3356416357218639,0.13841738192754535
sea,valley,0.64,0.003543497608073376,0.20757518052679047,0.05865269108924145
continent,lake,0.64,-0.026346766346862616,0.3043439233790872,0.09821325831313216
bishop,son,0.64,0.06965231702069141,0.4493252394197909,0.15395089769292067
waterfall,valley,0.64,0.10336772353903012,0.2411560504006269,0.05467390070969516
roman_emperor,admiral,0.64,0.04533025502917665,0.2561339461941221,0.08178719569838354
pope,palace,0.64,0.18573810890425332,0.3557959805259405,0.11310467633698748
region,peninsula,0.6326530612244898,0.18937451178163367,0.4919114944513935,0.07909903691926108
isthmus,valley,0.6326530612244898,0.020747596173311237,0.2620824611108863,0.08336393271794758
continent,state,0.6326530612244898,0.12278681330818543,0.26512922473832023,0.07121891637466167
island,hill,0.6326530612244898,0.12258697890621305,0.2792513454420331,0.05193484516780838
waterfall,gulf,0.6326530612244898,0.0286527549565182,0.2804353914759341,0.05931368572074992
colony,diplomat,0.6326530612244898,0.152477989936868,0.21476275436888548,0.04452059598014865
titan,gladiator,0.62,0.3380749068766995,0.08264930789800963,0.02594333251318909
state_capital,colony,0.62,0.12317356719046968,0.5101216996920083,0.10511670954520044
martyr,pope,0.62,0.25696472867024744,0.3870519678326476,0.09427297109449466
politician,economist,0.62,0.3026744928798604,0.3597706046018781,0.06317875403029492
archipelago,navigator,0.62,-0.01645231628321286,0.4662591742282566,0.08605940404725487
range,channel,0.62,0.19072734886255396,0.2945550936054025,0.0813723855573069
empire,politician,0.62,0.13909112855440064,0.2174311907677308,0.04497800730184838
state,chief_justice,0.62,0.19417466555467625,0.060838870199704916,0.01234588239125712
country,historian,0.62,0.1382702654475394,0.10716679325937097,0.021243230150049718
capital,colony,0.62,0.1131095686372745,0.20842151371322212,0.05815874952790871
town,empire,0.62,0.03219869107267459,0.1323648119155687,0.02481930339866241
continent,valley,0.62,0.10267239707452593,0.15628818305993966,0.05485861352815823
country,politician,0.62,0.25735684355635224,0.0855379504815541,0.014938740527961212
island,cape,0.62,0.32960390068131484,0.583152016482026,0.11791951966285295
revolution,settler,0.6122448979591837,0.2110317593151001,0.4521284079305431,0.18069321473390776
bay,navigator,0.6122448979591837,0.12595288163893206,0.4505578798936092,0.08587820863082674
university,state,0.6122448979591837,0.15302776688335318,0.00427264890246426,0.0009964456997074564
city,peninsula,0.6122448979591837,0.19056997618567906,0.4410922774613182,0.051727063421720926
bay,town,0.6122448979591837,0.13483936200855928,0.29155864088884953,0.045634126617090584
national_park,isthmus,0.6122448979591837,0.1419811598460914,0.2266138542365204,0.07921420315257005
port,region,0.6041666666666667,0.1495862948749329,0.36913284466756346,0.0458343754218196
hill,river,0.6,0.23382149368967986,0.3360269256160093,0.06433703620479972
continent,channel,0.6,0.01581258027187027,0.222895378981117,0.08058393473995698
sea,desert,0.6,0.17988676158926653,0.4536737252123193,0.11331309126354593
national_park,borough,0.6,0.08582697148494778,0.04998204925675753,0.01877260629569437
suspension_bridge,bay,0.6,0.10896273423513536,0.4356139324846309,0.12275855836420445
island,volcano,0.6,0.1340588449195338,0.4317735830136167,0.08855278554390889
colony,revolutionary,0.6,0.2607885026678829,0.08216791767122343,0.023578240814882873
state_capital,street,0.6,0.03469833532776356,0.1414659356731791,0.027366407499240318
sea,admiral,0.6,0.14544767963582372,0.24658246036969436,0.060711022832536876
continent,terrestrial_planet,0.6,-0.007114881944318974,0.2814376481777604,0.09514370048797803
port,capital,0.6,0.09705691233795656,0.508945044792329,0.09303065226096326
region,diplomat,0.6,0.13906868474306774,0.2909888510283553,0.04827332978012047
bay,valley,0.6,0.14209627224368326,0.3174962836466182,0.08551081024672587
range,strait,0.6,-0.009156304026206818,0.3760387564095926,0.09919132640692224
bay,plateau,0.6,0.052774664403471234,0.3176055658868966,0.08180327445549565
binary_star,terrestrial_planet,0.6,0.3513102720189848,0.4997933465788118,0.17260722292713299
sea,volcano,0.5918367346938775,0.1165432706074596,0.3599104568763713,0.0942079649473332
actor,songwriter,0.5918367346938775,0.3336832366052098,0.459559655498529,0.12369511182409768
archipelago,volcano,0.5833333333333333,0.17659011419345227,0.4333785338004037,0.104705307563266
hill,cape,0.5800000000000001,0.06321864782195752,0.3240390330448225,0.07519947970286879
promontory,peninsula,0.5800000000000001,0.090142697982301,0.5211084284223128,0.10597368655028938
prophet,revolution,0.5800000000000001,0.22902867609349545,0.23812942309956955,0.09201457218303304
terrestrial_planet,astronaut,0.5800000000000001,0.17748013822987366,0.33824525892565216,0.13660367610505267
martyr,revolution,0.5800000000000001,0.3093423523515654,0.3763332718177693,0.12155620059235005
waterfall,plateau,0.5800000000000001,0.0987533927503893,0.3444154487735701,0.07467259662766443
port,island,0.5800000000000001,0.21191188495884486,0.5368641799542779,0.06889995215445888
palace,suspension_bridge,0.5773195876288659,0.100779499748048,0.16853437311069142,0.062371573362257925
songwriter,muse,0.5714285714285714,0.2742120800125516,0.25087037121574995,0.10395641301168368
city,hill,0.5714285714285714,0.1331903673871595,0.3210561510444549,0.04213105064813657
continent,gulf,0.5714285714285714,0.0599941998020278,0.346078769877485,0.11332140496908633
island,county,0.56,0.17004816833151115,0.20526011967816413,0.0618372666944384
community,historian,0.56,0.02048531197534864,0.3709623814336184,0.08794463804596013
port_of_entry,empire,0.56,0.01016083134464596,0.008066029531659025,0.002170037590648413
colony,revolution,0.56,0.2826011379257294,0.23062798756282346,0.07357596044482609
terrestrial_planet,physicist,0.56,0.2473622038009277,0.2784253986255005,0.06160570403304326
peninsula,village,0.56,0.2237341893276844,0.2124961692841296,0.046596616053280436
palace,bishop,0.56,0.12829263095414345,0.29662238460347695,0.10551006562225876
university,city,0.56,0.14320427403511893,0.15876700641830546,0.02498183258014592
dictator,state_capital,0.5510204081632653,0.02477303999216429,-0.023270818153036558,-0.006401652395666186
valley,state,0.5510204081632653,0.08676004888729505,0.2185483678550808,0.05058756100093111
district,peninsula,0.5510204081632653,0.2606524176915613,0.6435544292360625,0.09410625731226163
university,physicist,0.5510204081632653,0.14197755898915032,0.30026606182379223,0.0694792865052546
village,lake,0.5510204081632653,0.2595121650917739,0.22240581584120436,0.059730176031051324
town,archipelago,0.5510204081632653,0.0393407873596634,0.17524418081253154,0.02656064623549782
diplomat,empire,0.5510204081632653,0.16873946903115788,0.3034918713835699,0.07583848885048164
range,terrestrial_planet,0.5510204081632653,0.1357487089258691,0.14972253883003794,0.03867726857683642
country,war,0.54,0.2327779486893499,0.20637142836623407,0.058072960922553984
state_capital,chief_justice,0.54,0.16001263635061047,0.21474239192550848,0.04383480457237631
national_park,village,0.54,0.14613724419529472,0.2291221371476251,0.0735490546700897
continent,isthmus,0.54,0.09097071832118477,0.4568122842620183,0.16862510284917626
palace,president_of_the_united_states,0.54,0.1357792341173223,0.23073319074629484,0.0756667212660059
country,man,0.54,0.053383224542154266,0.05775647826406161,0.015332351887083316
sculptor,astronomer,0.54,0.3156716605177952,0.37344122935850704,0.0938692087333339
port,state,0.54,0.12317098727503785,0.42045865876042604,0.0564173099798206
port,state_capital,0.54,0.12954193990925544,0.3965340270019264,0.05352537311382738
port,admiral,0.54,0.15221321938110546,0.2615700193013346,0.03996125960452557
city,suspension_bridge,0.54,0.13969241931120702,0.21674330853761425,0.03542672202048052
city,national_park,0.54,0.09250428790215892,0.16320977200678666,0.028018592331206
empire,financier,0.54,0.13554194648548926,0.21387887776769102,0.04905438532851655
valley,port_of_entry,0.54,0.12411092263972925,0.2961961349370665,0.0746926048609156
capital,dictator,0.54,0.03549594113431431,0.09098082432999302,0.033888474689831194
colony,continent,0.54,0.1664752707679067,0.1305190257093637,0.040542450522977815
range,bay,0.5306122448979591,-0.08903715521485367,0.3948015495540311,0.09428777462021057
peninsula,capital,0.5306122448979591,0.1567234141757522,0.1920431749358078,0.045459517200302536
poet,organist,0.5306122448979591,0.1247138632827367,0.4706329566936834,0.1456109030046147
river,plateau,0.5306122448979591,0.09951402148887643,0.40891298985541535,0.08912882397129307
desert,volcano,0.5306122448979591,0.17857573238640378,0.395596408048452,0.09798029465139353
valley,county,0.52,0.12860290469217095,0.1773904762730163,0.07300711522006
hill,village,0.52,0.13425438166800385,0.3574830667265049,0.08771806825495244
crusader,historian,0.52,0.04397904646478201,0.5157190405727913,0.09389584222968599
historian,empire,0.52,0.1984049743251872,0.4548432900596805,0.1067920722033367
sea,isthmus,0.52,0.10653694556675608,0.4754775359114516,0.14128688118116509
peninsula,colony,0.52,0.17772606986286987,0.2540678777885579,0.0510519548851285
village,range,0.52,-0.042815252090326,0.22261066101504068,0.05766054599081599
palace,colony,0.52,0.14113163853643373,0.11793045584945673,0.03691438689205539
nazi,siege,0.52,-0.00467858853357872,0.25486728078290644,0.07298470419104021
navigator,crusader,0.52,0.04720513980574503,0.29307581062639176,0.051895273086223256
continent,strait,0.52,0.09995984491166998,0.31871834878273464,0.1100237004647906
country,street,0.52,0.03817688935623331,0.058179291943216575,0.01316521586540364
port,county,0.52,0.1622057110826971,0.2778103840148607,0.0662804504611274
martyr,siege,0.52,0.17664569177602973,0.3295218694714268,0.06778690314741724
town,island,0.52,0.1707373809175664,0.2786291281318985,0.035848934802447094
city,palace,0.52,0.13816547856774108,0.2957091977874725,0.05401962399387123
war,settler,0.52,0.22245251754936854,0.4163316354393356,0.1442091903617045
cape,village,0.52,0.10220927345450992,0.2600407012522079,0.06937842321309183
river,range,0.52,-0.06507945103473589,0.512595168422829,0.10359936322776417
patriarch,empire,0.52,0.1817137690760513,0.3481762098731904,0.12133778523248392
town,hill,0.5102040816326531,0.1531209088098925,0.3083811813202818,0.04553581032930215
range,sea,0.5102040816326531,-0.005756619394758911,0.4403334785747288,0.11032676447823098
hill,street,0.5,0.07217224581097703,0.3611800315611712,0.07623779946235165
national_park,island,0.5,0.21650919859001305,0.2752346503458309,0.06696532250773503
bay,city,0.5,0.15561824525809476,0.3030223869061106,0.04215129049875715
writer,jurist,0.5,0.0187657543600912,0.3873420702780368,0.08656952590909607
revolutionary,empire,0.5,0.23041264831917874,0.318413047231124,0.1101383857708024
saint,titan,0.5,0.3804399527807105,0.15468969359432186,0.03109269018088263
district,valley,0.5,0.2535007380606188,0.34110239081766003,0.06644362102405983
navigator,photographer,0.5,0.05865471086323215,0.19504564962750914,0.050495964091174315
psychologist,prophet,0.5,0.06591301320345587,0.2573865897077385,0.05451603757898045
aviator,comedian,0.5,0.03508670739296072,0.3285989887316003,0.08466017244704127
plateau,gulf,0.5,-0.0004892479953857444,0.3688659640677494,0.09953670244718653
president_of_the_united_states,war,0.5,0.21569415973981831,0.4787576593534909,0.13869262602069116
archipelago,desert,0.5,0.14035795288512287,0.4023778030121483,0.092763593664969
patriarch,revolution,0.5,0.164348750550796,0.22288793295870069,0.0867873361792055
plateau,terrestrial_planet,0.5,0.06320451260181015,0.14997697747926608,0.041784508263303884
archipelago,borough,0.5,0.032543324882842506,0.10560548479373423,0.031116297392990887
father,wife,0.4897959183673469,0.41230377240369576,0.230389126437756,0.06359861117498679
poet,tenor,0.4897959183673469,0.15682999217364313,0.3341150113799849,0.11077023972328093
colony,gulf,0.48,0.07502924325918359,0.13556122712411278,0.033851299609983565
district,dictator,0.48,-0.007445954643775066,0.19941820693638931,0.0458870864695725
state_capital,island,0.48,0.04347577068290598,0.1771406599875658,0.030193058094954605
thoroughbred,showman,0.48,0.1472638989361299,0.14982719026395594,0.05696492589212152
port,borough,0.48,0.08168505967670314,0.24621636764075605,0.04877391214621584
borough,palace,0.48,0.0391813431887682,0.19470075398735956,0.07780897562384914
borough,politician,0.48,-0.00801102768534778,0.188839817511008,0.041373141721421036
community,port_of_entry,0.48,0.06245850019076416,0.011180903940155362,0.003036521452990831
politician,apostle,0.48,0.2537677509861427,0.3398747162268385,0.04901955962493237
continent,bay,0.48,0.017437471693164674,0.2383629579298643,0.07450011610470021
man,diplomat,0.48,0.03744388909464036,0.1906083191816439,0.043512886694547614
port_of_entry,national_park,0.48,0.1450914151470698,0.21852263966226584,0.060557696310361564
epoch,scientist,0.48,0.10465373121263953,0.057946590547696235,0.02429950781370109
promontory,colony,0.48,0.09150124207099153,0.3079476423619951,0.0738261279335993
bay,empire,0.48,-0.039782304821240684,0.11848308378032925,0.0340413675002522
composer,doctor,0.48,0.012312930826423485,0.2943384216996299,0.06543215809650167
sea,constellation,0.48,0.08288132233623924,0.25443215865309665,0.058288579454356414
terrestrial_planet,desert,0.48,0.1573280499775953,0.2572711045958628,0.06625275297284262
dictator,martyr,0.48,0.2775738828428558,0.23917516244008585,0.07657069362918233
county,bay,0.4791666666666666,0.21537769024430053,0.14207863474408744,0.05207012626215955
county,lake,0.4693877551020408,0.3993680803855243,0.1295390694552132,0.049018074437790236
town,desert,0.4693877551020408,0.0271833804889442,0.2501714398824897,0.03887147030203715
port_of_entry,county,0.4693877551020408,0.06821895259222233,0.13755688650556394,0.04720138163870061
jazzman,cartoonist,0.4693877551020408,0.10133384901546083,0.2722540229218087,0.08500620858901936
suspension_bridge,island,0.4693877551020408,0.10827624154592352,0.19005164044873316,0.04402627774226886
scientist,terrestrial_planet,0.46875,0.2636933175938748,0.12011212945058936,0.032725956084454104
crusade,era,0.46,0.0348603287191992,0.2566734728516924,0.1085795347130597
peninsula,street,0.46,-0.013463564660393336,0.1081045649816288,0.02039211326940803
star,epoch,0.46,0.0183671161096447,0.14652997798784528,0.07818392029086117
sculptor,journalist,0.46,-0.009245036903722692,0.2739707969351213,0.06009329702469369
bay,desert,0.46,0.0748013213158103,0.3729959162338792,0.08880157814452078
volcano,cape,0.46,0.12540256954616047,0.3266541775359396,0.08359385705629781
waterfall,isthmus,0.46,0.017016605960787023,0.24657059025227654,0.05878829055649304
region,general,0.46,0.23097970639913545,0.34736480889200794,0.04764292771213461
old_master,patron_saint,0.46,0.08369026374149369,0.19808877150678428,0.0818320342750123
scientist,jurist,0.46,0.04629438011057585,0.4498858025542756,0.11607837784464405
district,cape,0.46,0.09383778825524157,0.3950938084457051,0.07029233934335953
siege,settler,0.46,0.2413403596997328,0.3308661850565813,0.08421724701054742
gulf,terrestrial_planet,0.46,-0.06906320516847231,0.16835888476364524,0.045756634339197404
archipelago,county,0.46,-0.003934961338966092,0.16335945778694996,0.0579699659665725
anarchist,crusade,0.46,0.2184311925745671,0.2429102806988428,0.0820357695519828
journalist,rock_star,0.46,0.024975810881066932,0.2377272638761865,0.051300171775880775
port,hill,0.46,0.05271657232870808,0.28381023065418043,0.041801178067631915
desert,cape,0.46,0.127713778382605,0.4139347494374677,0.10108067292653404
national_park,cape,0.46,0.1482216985533389,0.3280237599621329,0.09958529661500068
hill,capital,0.4583333333333334,0.08832725129150087,0.3460925905616664,0.09167548216744767
range,asterism,0.4489795918367348,0.10568109441021167,0.18484234871910396,0.04585305864325634
terrestrial_planet,valley,0.4489795918367348,-0.051279223908526905,0.0805279743975097,0.023460285814692103
war,politician,0.44680851063829785,0.2210832558625884,0.4535077137499435,0.09084579992998906
binary_star,physicist,0.44,0.20325280246634048,0.3259073966341581,0.08874913332628448
village,waterfall,0.44,0.14385074263558814,0.17312785154001975,0.037906176290317915
university,region,0.44,0.10536068219777106,0.1523101824712817,0.03286077577336955
man,soprano,0.44,0.029627187585738343,0.11980221560794845,0.04038445492190525
chief_justice,palace,0.44,0.3078894882786134,0.16432133332478815,0.050951048916545234
father,empire,0.44,0.09012157603406667,0.26584791588169243,0.08194004793794557
era,old_master,0.44,0.031274946116941815,0.1499272088952659,0.0689537634118455
town,king,0.44,0.02964587779170491,0.19625211869046927,0.0264433409633714
peninsula,borough,0.44,0.08516266192906041,0.09996967542167777,0.025646078680437157
continent,king_of_england,0.44,0.11144186861673301,0.062098514409274386,0.017551194876877133
channel,valley,0.44,0.017662722801113917,0.2676559502650511,0.08338642007082257
state_capital,revolutionary,0.44,0.06890065479519247,0.0022501555926053296,0.0005605880457951554
waterfall,suspension_bridge,0.44,0.17955456422888694,0.3150402374089292,0.07473251569135117
university,choreographer,0.44,0.042419564648556896,0.07495963317753618,0.02652255584600124
general,gladiator,0.44,0.3469404678628103,0.32588443506483866,0.07063850611400421
district,university,0.4285714285714286,0.20512059333096053,0.022272810341976926,0.004369797540794185
lake,capital,0.4285714285714286,0.08196236766554044,0.10862789243834714,0.0314923408726446
mansion,palace,0.4285714285714286,0.1867129966386261,0.11150260643648058,0.027001454821652688
lake,terrestrial_planet,0.4285714285714286,-0.004228615675410552,0.16399457852739807,0.04392515938581917
star,aviator,0.42,0.13563844439711925,0.05212790575420545,0.019372996435055474
state,island,0.42,0.1961797683945533,0.37185907046575584,0.06300454340672275
archipelago,empire,0.42,0.10636179833331803,0.23185563724947555,0.06450450917519411
colony,politician,0.42,0.17862668496562614,0.3160990527750553,0.0542456727124496
prayer,playwright,0.42,0.12888966781673794,0.2686112382906849,0.0956462735698304
promontory,district,0.42,0.05353926114623209,0.3750507068136575,0.06543335415256801
playwright,chemist,0.42,0.06032345505191505,0.326093510236539,0.06784155373384647
district,hill,0.42,0.19091452790995103,0.3727637764406344,0.06099552602748296
peninsula,county,0.42,0.1721923519745001,0.1558682805323659,0.04815899822730723
street,continent,0.42,0.032050617748137444,0.055159040775936134,0.016084304338810196
poet,astronaut,0.42,0.27951016344891844,0.1398102944160875,0.05194267499200865
empire,prophet,0.42,0.1505381872610102,0.331926089016227,0.11479222093102015
general,engineer,0.42,0.39761937818686666,0.4073059646819486,0.058283477049956164
astronomer,epoch,0.42,0.2817394515278369,0.2195503337322462,0.0806976572091401
national_park,sea,0.42,0.18901058204789226,0.262184814227632,0.08141539249464358
historian,songwriter,0.42,0.15136752074086013,0.2441082849999232,0.05584289940063148
national_park,street,0.42,-0.0037352064425022475,0.1325731489466151,0.036609281625499285
revolution,religious_text,0.42,0.16222740406959413,0.23492633505577246,0.09268432596353277
film_producer,pianist,0.42,0.2872118951247846,0.3628280304191221,0.11516521713180634
revolution,doctor_of_the_church,0.42,0.15110069555800731,0.2097044579215496,0.07233613864151066
university,borough,0.4141414141414141,0.14188832280531916,0.13696382152196407,0.0471411170696828
constellation,epoch,0.4081632653061225,0.15200476648544914,0.21452983750127308,0.0779858928107597
state,missionary,0.4081632653061225,0.033445100661756544,0.09822090448694698,0.01847110719687617
island,empire,0.4081632653061225,0.035521044797646506,0.1952242175142147,0.046105482356770255
university,bishop,0.4,0.14341783700627495,0.16625919892807062,0.050936578617091166
constellation,colony,0.4,0.16555699077000652,0.04337889845442977,0.009414521993460946
navigator,prophet,0.4,0.029057269723319568,0.24543823168905976,0.05631381799609472
region,bishop,0.4,0.1423404725956383,0.27224523401042006,0.05864464628670875
strait,terrestrial_planet,0.4,0.033828859328241416,0.17384885208205536,0.0498106283028759
state,volcano,0.4,-0.08282650623017562,0.2621165433531747,0.056203460122221216
palace,hill,0.4,0.11549848418771258,0.40709031235385695,0.12095353577037846
binary_star,epoch,0.4,0.18304724868592212,0.17803744265157084,0.09462421139826284
village,soldier,0.4,0.0016389137534335019,0.4070238193141491,0.07981034148404961
president_of_the_united_states,region,0.4,-0.023264319848248727,0.1427223549458816,0.02834430947326307
range,constellation,0.4,0.06682875081293127,0.248957972239962,0.05413655126380282
state_capital,peninsula,0.4,0.011978336515592105,0.11604961295640714,0.020286231870548004
writer,athlete,0.4,0.07128764724546399,0.2113988601910548,0.06446614749694035
valley,state_capital,0.4,0.11602805440852172,0.2672183139714347,0.062222520698684614
capital,channel,0.4,0.007116010421872487,0.15032069894439035,0.04882157255346791
community,choreographer,0.3877551020408163,0.00041981309783312165,0.1723010878886101,0.0651934600825615
country,university,0.3877551020408163,0.032909444573754,0.0186066500144213,0.0051054416692840245
hill,golfer,0.3877551020408163,0.05142420069569198,0.05259160400433505,0.018453541469159028
street,cape,0.38,0.02871425281129747,0.17690609578274608,0.040600951833042714
national_park,empire,0.38,0.06964303727753629,0.09593199726213086,0.03401574441842231
desert,empire,0.38,0.1684107189861288,0.2515364217515195,0.07173815358376187
war,man,0.38,0.0410116056100418,0.1867772335421324,0.05687027582678705
economist,empire,0.38,0.22351262997612345,0.2307367144913479,0.06741832408748352
thoroughbred,gladiator,0.38,0.19548824650355925,0.18561580067033126,0.0702901180804216
constellation,gulf,0.38,0.015266261081568144,0.2344678053643757,0.05364154413675185
film_producer,inventor,0.38,0.05503580656499274,0.3125519729405675,0.06189695826012626
plateau,biologist,0.38,0.05373244278067213,0.1351313182970979,0.04274495019123925
state,cape,0.38,0.002204233500812114,0.2825283937534169,0.05972953852588056
sea,star,0.38,0.14305550676841272,0.17055620942947136,0.057351546673427775
father,financier,0.38,0.04031952278632034,0.3055019752054021,0.06274693660882623
university,village,0.38,0.05465309732309576,0.08037301699511556,0.023646656734394745
settler,jew,0.38,0.3146215057030132,0.25383312160916793,0.08394270157670296
siege,valley,0.38,-0.03202104485874768,0.2978898115882034,0.06839073479050965
palace,era,0.38,-0.008460368501720826,0.10308982236330556,0.04295129685546836
university,politician,0.36734693877551017,0.12362250964196984,0.20477847976807384,0.03999890931663744
sea,terrestrial_planet,0.36734693877551017,0.0924820321100568,0.2015790960645526,0.0548600081338279
promontory,village,0.36734693877551017,0.14828310332507189,0.2312871582572628,0.0605113726040074
community,journalist,0.36734693877551017,0.10310292333124038,0.2142839402542862,0.04993940018829742
navigator,financier,0.36,0.01619442480335109,0.3759423173146968,0.05720226897044234
constellation,valley,0.36,-0.03645205709204813,0.1705223107396917,0.04181747332121074
constellation,plateau,0.36,0.17058718410334595,0.2426527034597017,0.056905874835122564
asterism,channel,0.36,0.08853648575444306,0.14411373188845944,0.041525962935387836
mansion,capital,0.36,0.059089710033071625,0.07930835915217704,0.01712043454084736
desert,war,0.36,0.23424416351224744,0.13911645923392355,0.03842116680315996
conductor,friend,0.36,-0.02439941354089381,0.1966597244781516,0.07241911361901665
district,mansion,0.36,0.10017167048558527,0.10668847467962872,0.014227630379395576
suspension_bridge,village,0.36,0.16643648961372934,0.18474176095638092,0.056464605948373076
continent,constellation,0.36,0.06893431661983518,0.1868603174880196,0.05317658274091716
desert,borough,0.36,-0.05161674824510976,0.056450736582306586,0.01705223426934965
prayer,organist,0.36,0.2527976078004124,0.4877198816194122,0.2149825194462386
siege,epoch,0.36,0.05981291500594733,0.06380250942891319,0.021714506672250968
war,religious_text,0.36,0.15670380098471026,0.23704885052416114,0.0810554648931436
archipelago,constellation,0.36,0.13704728212675746,0.24556782991208115,0.05192657665091251
waterfall,terrestrial_planet,0.36,0.002702274747723221,0.16662235045549156,0.036383282252647975
admiral,star,0.36,0.3158351818082956,0.07693308966216705,0.02413048832330299
continent,waterfall,0.36,-0.018469615710380968,0.17697723054885506,0.046561293608527315
valley,capital,0.36,0.2142410578066054,0.10986476018809754,0.03464162780733347
capital,general,0.36,0.1546741372119389,0.1835266287894307,0.03705391647524521
siege,archipelago,0.3469387755102041,0.06919616879760149,0.2043780811617132,0.04046181355109047
range,star,0.3469387755102041,-0.025850082976524916,0.16026045355138052,0.05115197925912866
epistle,admiral,0.3469387755102041,-0.008442329380384361,0.10261715648513514,0.03924103777169342
promontory,county,0.3469387755102041,-0.005165413393532381,0.14261670808605156,0.05257408330151548
capital,war,0.3469387755102041,0.046132070090946,0.15753706714651572,0.051314094403104964
colony,father,0.3469387755102041,0.1397224784840203,0.1200207658308392,0.030689773692874168
palace,fiddler,0.34,0.010669073751891522,0.21493864081599745,0.09772396775600783
continent,star,0.34,-0.0006678877439194598,0.13025473170548685,0.0544081417610334
country,epoch,0.34,-0.020570033401219767,0.0814732462494876,0.03289946531744423
country,journalist,0.34,0.13910164716958606,0.12750461875868144,0.024846960210009043
jew,war,0.34,0.17880667722985,0.20992826206081072,0.0646881850149889
star,plateau,0.34,0.025633649722818896,0.1532815265270413,0.052762850202314485
queen,muse,0.34,0.3801169343727182,0.3430007984910303,0.1348792568966984
strait,asterism,0.34,0.06271932602957331,0.14043019600760798,0.0386385311509299
capital,economist,0.34,0.0700398826640054,0.09897789701866412,0.028261686628215776
playwright,astronomer,0.34,0.07634473088050042,0.3111099929326068,0.07194165206971129
terrestrial_planet,epoch,0.34,0.2792320985805896,0.17827510838783567,0.07698957214452072
historian,island,0.34,0.004336395839194318,0.13626819852082273,0.021953439241051687
war,apostle,0.34,0.1129778245947175,0.2195181489643181,0.05101102682526873
waterfall,navigator,0.33333333333333337,0.02914444802084515,0.28693567902829176,0.04603833545541596
constellation,saint,0.326530612244898,0.003136746545432389,0.14285446898052034,0.02510815288359131
empire,old_master,0.326530612244898,0.13944772853008736,0.3438348329397243,0.14321474833542258
palace,martyr,0.326530612244898,0.10548963836627534,0.3652108407728731,0.11573918435595425
thoroughbred,roman_emperor,0.326530612244898,0.2458690209537597,0.11133125521614606,0.045641417866316335
navigator,songwriter,0.326530612244898,0.031037356167176844,0.13321602314483316,0.02963873894440722
constellation,strait,0.326530612244898,0.1073137468960107,0.24497958173414855,0.05908586515503283
fictional_character,empire,0.326530612244898,0.07672118572597142,0.2514191819334544,0.060335151722353014
binary_star,strait,0.326530612244898,-0.02792330169746493,0.14000129132818714,0.04936836121806841
architect,golfer,0.326530612244898,0.07599424396172427,0.17434409676530915,0.06267484491497971
university,soldier,0.31999999999999995,0.02994267133090212,0.10712863460791078,0.02190969084104825
eon,war,0.31999999999999995,-0.030132989483582676,0.13037938467438615,0.05784518982753934
settler,strait,0.31999999999999995,0.00626588841344744,0.20786145969399286,0.0685506365203246
siege,desert,0.31999999999999995,0.1444284246109786,0.17878878848514326,0.03628453310562143
desert,capital,0.31999999999999995,0.04945592243755759,0.07115821645777233,0.019833123722289098
engineer,star,0.31999999999999995,0.17961666646158592,0.10314629959763276,0.027431872338157567
artist,prayer,0.31999999999999995,0.20146599190409556,0.14918027279971668,0.06608625421457529
lexicographer,epistle,0.31999999999999995,0.1805381768925229,0.2623254761353451,0.09423186663589248
mansion,hill,0.31999999999999995,0.15514611504635045,0.2334320714150101,0.0406051440283394
palace,isthmus,0.31999999999999995,-0.009416764407343292,0.13079389678715206,0.04865122359903019
terrestrial_planet,district,0.31999999999999995,-0.00452116669170599,0.09165348741967437,0.017195605923056273
island,queen,0.31999999999999995,0.1997686874340222,0.12343789330886168,0.026955311900720532
star,channel,0.31999999999999995,-0.004916720198117952,0.16193009390977894,0.06003455479575912
terrestrial_planet,biologist,0.31999999999999995,0.13088312994139595,0.132827116671005,0.04231913779193576
era,desert,0.31999999999999995,0.02193880392530401,0.33559762868866183,0.10568579139177084
range,binary_star,0.30612244897959184,0.11973607366398452,0.16956387641530024,0.053910337643468496
terrestrial_planet,channel,0.30612244897959184,0.06016146965473579,0.16580898274423728,0.04975434764264095
diplomat,pianist,0.30612244897959184,0.06378819223822607,0.3094456565672701,0.07616265837599898
constellation,channel,0.30612244897959184,0.022981775001072343,0.20739164854739836,0.05238474973296385
palace,national_park,0.30612244897959184,0.105808309933361,0.17234938673006228,0.06699281220391293
colony,old_master,0.30612244897959184,0.14449993987068432,0.06729140678750556,0.023253137871815037
choreographer,psychologist,0.30612244897959184,0.09665762687313906,0.2638204739538739,0.06054527838916957
bay,asterism,0.30612244897959184,0.030841653335222933,0.10180424051875014,0.025360312174252685
national_park,suspension_bridge,0.30612244897959184,0.18628263441136106,0.26068295461379354,0.09066499909136502
admiral,bible,0.30612244897959184,-0.026434369812188274,0.13781380170191893,0.04195715670234265
country,lawyer,0.30000000000000004,0.1426253944710182,0.034823070787710415,0.008566559244471323
star,bay,0.30000000000000004,0.0998671652367642,0.13765254165895902,0.04412025850982183
lyricist,archpriest,0.30000000000000004,0.045298709655458236,0.10152966690410847,0.029706414921644032
star,lake,0.30000000000000004,0.03211128958197562,0.15954884689788285,0.05280102212902616
star,isthmus,0.30000000000000004,-0.01943360334891864,0.08904557118032641,0.03370511796093322
economist,continent,0.30000000000000004,0.217611358626614,0.1262184671623834,0.04012002575728695
terrestrial_planet,mathematician,0.30000000000000004,0.17275097132315753,0.2115689321041605,0.05492302830529488
palace,jurist,0.30000000000000004,0.02608106413318989,0.16164631477677882,0.052151327969546565
sculptor,asterism,0.30000000000000004,0.290493068563372,0.12708933154119428,0.036040349038627004
range,era,0.30000000000000004,0.16374300815618506,0.23020011200041054,0.07272283336949523
mansion,empire,0.30000000000000004,-0.004270223034126497,0.1365567447947149,0.030164104806207587
sea,asterism,0.30000000000000004,0.02035049005111467,0.05953229751531153,0.015560211006973315
cape,engineer,0.30000000000000004,0.14289904324120828,0.14565906066885204,0.029731039312081313
river,star,0.30000000000000004,0.057943673034157823,0.14089162728534976,0.03821586911919542
country,songwriter,0.30000000000000004,0.22272820288856746,0.006304981215465966,0.001785190939391945
fashion_designer,district,0.30000000000000004,-0.0008927715939288651,0.07274769866589781,0.01848586830390824
statesman,illustrator,0.30000000000000004,0.05484306216761492,0.3539872303483953,0.07888314482253075
region,admiral,0.30000000000000004,0.15961206368012704,0.22462405736709368,0.04192454807574908
community,era,0.30000000000000004,-0.044645141362131165,0.2469796447464735,0.0947749905197966
plateau,asterism,0.30000000000000004,0.09132504889299853,0.17964139379902574,0.04805854176625048
river,asterism,0.2857142857142857,0.0435870533481848,0.17967442868287364,0.03787719775241652
community,terrestrial_planet,0.2857142857142857,0.040120913550412696,0.13436118452703627,0.04216106883470325
university,hill,0.2857142857142857,0.1050653436230644,0.053687035814017785,0.01373944976334777
waterfall,asterism,0.2857142857142857,0.05537801341608162,0.1653686903094822,0.03467521056519266
sculptor,promontory,0.2857142857142857,0.01476091670748525,0.13250581896167613,0.036391336933845435
binary_star,valley,0.2857142857142857,-0.035502065658135074,0.12553304787673716,0.04501024500255869
bible,siege,0.2857142857142857,0.029858591855859817,0.12637024624274076,0.033520330910408944
illustrator,patron_saint,0.28,-0.013625955704741566,0.20903974813554949,0.07289949244220982
astronaut,thoroughbred,0.28,0.2053035247851207,0.08579449409432273,0.04024163221731293
binary_star,isthmus,0.28,0.04811082979197034,0.1005877961603472,0.0379252547435685
sea,binary_star,0.28,0.044347545724132915,0.16117551318152046,0.053985527826598184
war,poet,0.28,0.16348753879539646,0.3984122407725479,0.1102985780377856
constellation,isthmus,0.28,0.03900925443290537,0.13730032618218854,0.035408056384954895
saint,gladiator,0.28,0.36798471522313503,0.17080045606515715,0.041439370661080235
suspension_bridge,university,0.28,0.06358994540256946,0.07184152274630495,0.022898222966104102
village,golfer,0.28,0.14486704748848722,0.0925716846680017,0.037345266527026494
actor,geneticist,0.28,0.05574705198439667,0.15353718385505533,0.0360339787557281
country,actor,0.28,0.18382547401910165,0.025398419129545543,0.005923309728917894
crusader,thoroughbred,0.28,0.31538020708466585,0.09805788061678222,0.027445446967476264
waterfall,constellation,0.28,0.06985301669487898,0.23128946405064754,0.0425134502853884
promontory,empire,0.28,0.10463122439687034,0.1986054450578869,0.05739593812246254
diplomat,sculptor,0.28,-0.012206736638812554,0.3256189185234073,0.07732515957521563
community,eon,0.28,-0.042161997511047884,0.1529199282179461,0.07074305413304262
binary_star,plateau,0.28,0.03501487963330463,0.1806126717195704,0.06192806588670593
father,gladiator,0.28,0.013486312648905874,0.12025939365647398,0.0388900329760917
crusade,film_producer,0.26530612244897955,0.18552902576714086,0.1849559748029144,0.06634214922277003
binary_star,channel,0.26530612244897955,0.03722140783213335,0.12828290209347193,0.04737429713732863
country,fictional_character,0.26530612244897955,0.251748395262442,0.06248793325060886,0.01266005342228498
bay,terrestrial_planet,0.26530612244897955,-0.029361840734612118,0.1469473657212197,0.03812032633141427
religious_text,web_browser,0.26530612244897955,0.02271763632966628,0.10104540569555087,0.034415951717677924
star,valley,0.26530612244897955,0.07332535951709895,0.11364934906784575,0.04090838095354202
mansion,colony,0.26,0.17414809874412285,0.0045663379122316,0.0008372546997646879
city,epoch,0.26,-0.04559168725882623,0.052441382484729626,0.01214381402540237
valley,fiddler,0.26,0.033793818070307236,0.08784989248865717,0.0341557883038557
chemist,god,0.26,0.018157563878272387,0.1002944933064035,0.02497315830518348
thoroughbred,titan,0.26,0.11377344097286367,0.04355234722007817,0.013663688814067987
thoroughbred,sculptor,0.26,0.24921245305645054,0.14018042236710926,0.04808264005521405
star,waterfall,0.26,0.026673616376916787,0.1905819852246684,0.05141873659914846
thoroughbred,old_master,0.26,0.08125471280125672,0.1298495978596631,0.05671731751749911
star,strait,0.26,0.02560203256918869,0.16497264967071634,0.05840235256572899
city,constellation,0.26,0.01709725065600654,0.11630274119437987,0.014730073219993537
binary_star,friend,0.26,0.13281793679924406,0.10905809067807193,0.03628188874179703
strait,capital,0.26,0.009518634516275435,0.216078597723786,0.06701233340408735
mansion,county,0.26,0.0171107939392876,0.057270997745983536,0.016137763224868925
asterism,isthmus,0.26,0.060206370554238386,0.07944675872349638,0.02337321984188878
desert,bible,0.26,0.13868095672390968,0.08411641360365962,0.025980573606835727
photographer,asterism,0.26,0.02320809748190666,0.1342124018654144,0.04541128592115731
saint,engineer,0.26,0.32922562118345433,0.2698274741983121,0.04321630471543085
binary_star,lake,0.26,0.015642853365044562,0.15689010718680418,0.051718424493045013
country,artist,0.26,0.1479934157114967,0.04668382243529934,0.014754597127665576
city,mansion,0.26,0.03269262882498347,0.07991320239961719,0.00854662214254093
astronomer,volcano,0.26,0.1686656313198005,0.27779359219668964,0.06380870478130524
aviator,town,0.26,0.1787544605103828,0.17110031990198935,0.03105218993113297
revolution,geneticist,0.26,0.012102917428898241,0.14672353003317773,0.04793594338293319
desert,poet,0.26,0.21001446478505412,0.1586604461989598,0.03758717504467037
binary_star,bay,0.26,0.014803595996166654,0.12639068540569998,0.040352845307892654
actor,father,0.26,0.06521170530695386,0.10907811506302399,0.026984732060044536
colony,martyr,0.2448979591836735,0.14159731458796565,0.18730491635992771,0.04491824364453164
dictator,street,0.2448979591836735,0.0025158235728056644,0.125201803897957,0.037164224665753635
isthmus,scientist,0.2448979591836735,0.11741056533094962,0.09230366834972216,0.02745674949658732
hill,economist,0.2448979591836735,-0.017829573041390878,0.2349638702005815,0.054061416612622586
sea,poet,0.2448979591836735,0.13127574354813898,0.10310115056338287,0.025812916715172985
diplomat,bay,0.2448979591836735,0.06458329675242623,0.12136725719661245,0.02531455267431597
borough,anarchist,0.2448979591836735,-0.03470980547546554,0.046277519505043004,0.014873251734298732
port,illustrator,0.2448979591836735,-0.01096980171230233,0.07326428528640383,0.013998478468977242
colony,poet,0.2448979591836735,0.1518922202748738,0.14853317404243205,0.03522780791817648
king,geneticist,0.2448979591836735,0.038807097751193065,0.15701279703536264,0.03299220778883618
continent,asterism,0.2448979591836735,0.03216098554518798,0.04372802652240537,0.014196774774161938
region,mansion,0.24,-0.07699247596380654,0.21404684055464615,0.031389855801464216
city,volcano,0.24,-0.020271540526120013,0.2879315744571197,0.04166612172273085
lake,aviator,0.24,0.14930514123627492,0.1608279790900533,0.04617722923851434
epoch,poet,0.24,0.1066740008385536,0.08979008336598747,0.0356720642533192
nazi,port_of_entry,0.24,0.008615153620754601,-0.0368156607530441,-0.01157962404237292
politician,port,0.24,0.03936085818746882,0.1407423497146476,0.01582086074809416
capital,athlete,0.24,0.03962693973484277,0.0528840427703261,0.020751999692405786
lyricist,crusade,0.24,0.09504966978976537,0.10260796278470186,0.040150710438272806
borough,journalist,0.24,0.13420273709239328,0.18622804483238,0.04552581815005475
river,terrestrial_planet,0.24,-0.012034094441536249,0.08734584707498272,0.01917573285678281
inventor,city,0.24,-0.0022994614649165523,0.23596076913592234,0.02416377277455028
patron_saint,thoroughbred,0.24,0.014468266598122613,0.053152866510266406,0.019027610839918854
binary_star,gulf,0.24,-0.05328018870243922,0.13621849085787208,0.045564368977576326
mansion,apostle,0.24,0.056709684572824985,0.14575611284004586,0.022447639209827
dictator,eon,0.24,-0.026369270890620244,0.04811523573959342,0.02441125323877916
asterism,valley,0.22448979591836735,0.004837964022450847,0.12076760000216147,0.03378379211636242
crusade,fiddler,0.22448979591836735,0.15699827768203425,0.18799082356925498,0.08678511422688336
epoch,statesman,0.22448979591836735,-0.02772642202458941,0.09302860419204872,0.0281985432461337
country,mansion,0.22448979591836735,0.059041683061934136,0.06240238459361225,0.011638050359683266
revolutionary,borough,0.22448979591836735,-0.0077054424324143325,0.0773603237631838,0.02834133125403424
lyricist,country,0.22448979591836735,0.17931205434599873,0.028349477760704844,0.008413655094302511
epistle,politician,0.22448979591836735,0.1287762872019178,0.18011081277311747,0.05067713517773247
terrestrial_planet,sculptor,0.22,0.14510026409233556,0.09242591606051942,0.027295854936311623
valley,general,0.22,0.16623886238189156,0.284973758031005,0.05518984984104044
river,constellation,0.22,0.06776698574499572,0.20611474071406244,0.038088733609068434
community,thoroughbred,0.22,0.0025121430566600322,0.05042621045835338,0.018377831997967282
port,astronaut,0.22,0.019683575480419543,0.0482865036122152,0.011735786625320791
range,artist,0.22,0.11415781191383555,0.11919916429577393,0.037092025366869716
bay,constellation,0.22,0.07247184347677793,0.21720204913100127,0.047429519466287436
geneticist,terrestrial_planet,0.22,0.17495565895860765,0.013855233191749305,0.0036583625143609844
plateau,queen,0.22,0.03620757376196726,0.15506833274086929,0.0442427229835521
prophet,war,0.22,0.16623656072840376,0.27328369298183763,0.09152228662185448
archipelago,emperor,0.22,0.16232086468315196,0.1802711216045939,0.05245259782145853
epistle,physicist,0.22,0.08177434971315745,0.13612904924884994,0.045372672791824616
mansion,street,0.22,0.05982797369768456,0.12753990224588194,0.021940389141315932
engineer,crusade,0.22,0.0198913950178552,0.23167203102661305,0.06147406552581955
navigator,pianist,0.22,0.006053130242617778,0.23634961698101956,0.05315625072933259
poet,empire,0.22,0.0965819248708254,0.31890945667717785,0.09117293023887828
gulf,asterism,0.22,0.0398303299489412,0.06334822120765704,0.016534071862757883
isthmus,soldier,0.22,-0.024114439225589424,0.09644041075087116,0.020591587154918288
continent,binary_star,0.22,0.002180666172997836,0.16573235366155792,0.06895621605026338
missionary,soprano,0.22,0.005119415070709343,0.22062648044735997,0.0620013497789897
dictator,university,0.22,0.008548468784186136,0.019233803545991246,0.006922027367390752
capital,illustrator,0.22,-0.030466072949756336,0.10640393945405556,0.03656348966129111
war,prayer,0.20408163265306126,0.18962175073423196,0.20072048012025098,0.07916748468283115
aviator,promontory,0.20408163265306126,0.017882131127475387,0.1931086653903915,0.05401446970200584
desert,playwright,0.20408163265306126,0.1555074534945975,0.08656836447203298,0.02158536499099572
star,general,0.20408163265306126,0.1721645406223632,0.11887929146866437,0.027399224422347043
suspension_bridge,aviator,0.20408163265306126,0.06359800091949985,0.23041996240432816,0.0752912208753355
suspension_bridge,showman,0.20408163265306126,0.13371098501267398,0.13342627600139126,0.0474489024576048
epoch,soldier,0.20408163265306126,0.1291920314674475,0.021587896336077602,0.00649686614709625
constellation,lake,0.20408163265306126,0.02830338123579756,0.2283346317762143,0.05148155782471777
channel,era,0.2,0.15803121942821874,0.0642709895168948,0.023585067731698314
country,wife,0.2,0.14574753997276968,0.06096916042413481,0.015868227634701172
isthmus,saint,0.2,-0.0065570722154064676,0.11409852785287512,0.026011219543328804
strait,painter,0.2,-0.029848073439329163,0.11155382905534704,0.03557627936530658
isthmus,dictator,0.2,-0.027178466276420062,0.16491010187174193,0.06196552279664396
isthmus,astronomer,0.2,0.11085206199381403,0.1808486945746911,0.04715658500295365
web_browser,muse,0.2,0.050247106905517265,0.13361545542831033,0.05481645572282358
printer,district,0.2,-0.06201011933766276,0.1515727350424967,0.027708509729546717
epoch,jurist,0.2,-0.05678889865954684,0.0455708548056043,0.018637056738375832
admiral,isthmus,0.2,0.014585918140059497,0.14273731260588365,0.03956216161454737
valley,saint,0.2,0.13228062867538906,0.2246928286042943,0.04870779911026769
president_of_the_united_states,bible,0.2,0.17787487420839665,0.20888458423453135,0.06767137837003542
lyricist,mansion,0.2,0.0584114452782758,0.1490420210132809,0.03362811819763459
valley,lexicographer,0.2,-0.08357679370440296,0.16112931738174274,0.0398906802376933
continent,painter,0.2,-0.022986150974562358,0.0472149724455635,0.017766261199369953
war,street,0.2,0.045618888373289763,0.16940173379051304,0.043971459099239225
prayer,hill,0.2,-0.006312453048406885,0.3448276902787546,0.1105953511800952
soprano,crusade,0.2,0.1913944523315736,0.136033520758583,0.05587107060046937
roman_emperor,bay,0.18367346938775508,0.02439016876501932,0.09216033120812206,0.03007369650619913
county,conductor,0.18367346938775508,-0.033764718887954626,0.026722511249596792,0.014432766523135238
muse,admiral,0.18367346938775508,-0.02549810600235181,0.12505280415984832,0.04344173481047858
country,film_producer,0.18367346938775508,0.14603008006384055,0.049741741824978584,0.013532869395396377
promontory,emperor,0.18367346938775508,0.008512059893530655,0.1737881452308191,0.05252730527258261
fictional_character,web_browser,0.18367346938775508,0.128248895137124,0.08927890086220712,0.020667915410463443
star,gulf,0.18367346938775508,-0.006545856995400667,0.1480260111407551,0.04970816849833444
capital,volcano,0.18367346938775508,0.017262628748051626,0.08694314166929329,0.02539602283163781
engineer,thoroughbred,0.18367346938775508,0.16496310540469716,0.15815035191239413,0.039536788907488594
cape,astronaut,0.18367346938775508,0.15346114334259853,0.08392784287652033,0.0321419756373289
terrestrial_planet,general,0.18000000000000005,-0.03212837299999238,0.09068233572998396,0.01691588973172555
city,father,0.18000000000000005,-0.021653394825099204,0.2326389900989392,0.03471723149731186
terrestrial_planet,dictator,0.18000000000000005,-0.029666800417850192,0.09899576012525667,0.03406892809952198
era,astronaut,0.18000000000000005,-0.04476590392476276,0.02273802641393308,0.011229430968683476
university,cape,0.18000000000000005,0.08393285386889349,0.029784097295286083,0.008287987382819823
mansion,comedian,0.18000000000000005,0.0694313947721511,0.1786629460578184,0.030522245810890383
athlete,palace,0.18000000000000005,-0.01644289491301043,0.09778628356114738,0.04304506158505115
thoroughbred,county,0.18000000000000005,0.11296831086302528,0.022011899648060385,0.01013601991313983
range,fictional_character,0.18000000000000005,0.13414485350469596,0.13757961802464258,0.02744494364383465
thoroughbred,epoch,0.18000000000000005,-0.05585372294125568,0.02262401523322477,0.01134759874525201
showman,range,0.18000000000000005,0.0353476941228954,0.17247181398893166,0.051979181710108416
waterfall,astronaut,0.18000000000000005,0.07449708971964307,0.12251842149027704,0.03850555087249437
thoroughbred,navigator,0.18000000000000005,0.15786442709729046,0.13281798541474754,0.031803498649733884
patriarch,channel,0.18000000000000005,-0.03290539634617762,0.018507084085176876,0.00622781831205736
university,muse,0.18000000000000005,0.021118972989749074,0.03766689841358229,0.01512547216904634
eon,isthmus,0.18000000000000005,0.048218904600345835,0.1638199447667389,0.073992833176916
thoroughbred,muse,0.16326530612244894,-0.02133379880141839,0.05766756600927748,0.025720117802229783
river,saint,0.16326530612244894,0.20265494867348569,0.2181051763029204,0.035628673525112425
siege,film_producer,0.16326530612244894,0.09328300543889144,0.2019149755786116,0.0463032588492306
suspension_bridge,archpriest,0.16326530612244894,-0.003551897506888224,0.07106673453706025,0.019967907312019827
bible,lake,0.16000000000000006,0.009614363691400118,0.08567398014293592,0.0275232906194977
bible,web_browser,0.16000000000000006,0.004516461964502838,0.14923870761049496,0.05365845217664204
terrestrial_planet,artist,0.16000000000000006,0.13836026530832998,0.0731117417836209,0.02471132458939015
star,martyr,0.16000000000000006,0.04089293884585965,0.1117996589881377,0.03605416563782733
binary_star,actor,0.16000000000000006,-0.0042622062071180356,0.14446623266673675,0.044348047796546164
terrestrial_planet,lexicographer,0.16000000000000006,0.13121028549849198,0.039833017846701464,0.009497455906408384
asterism,siege,0.16000000000000006,-0.0014994664335028494,0.14620631973563158,0.031046827264182057
river,patron_saint,0.16000000000000006,0.12453015915034138,0.09530624839135826,0.0229827922461442
continent,old_master,0.16000000000000006,0.14777758780680314,0.05634170763339341,0.025528938999672204
aviator,borough,0.16000000000000006,0.18047942244186388,0.11751376387719448,0.0414606321868379
revolution,waterfall,0.16000000000000006,-0.002368049639211112,0.117825303991413,0.03183918510052567
isthmus,illustrator,0.16000000000000006,-0.02853125608549045,0.07204629462697709,0.024973032568898837
revolutionary,desert,0.16000000000000006,0.09638796440649444,0.136470374794599,0.03911515109668636
nazi,bible,0.16000000000000006,0.01606343583830383,0.18238912347210867,0.07948645324820644
biochemist,colony,0.16000000000000006,-0.007191696457312212,0.052631515581023525,0.013430017141389148
region,fictional_character,0.16000000000000006,0.1310277247271644,0.35645720513545753,0.056789963604077426
palace,nazi,0.16000000000000006,0.13400517676837742,0.2281590687442646,0.10065243564025332
biologist,state_capital,0.16000000000000006,-0.008817507980926731,0.03772035141121699,0.009605709303219287
suspension_bridge,revolution,0.16000000000000006,0.04314917779146843,0.12892805819680364,0.04863134748009175
county,patriarch,0.16000000000000006,-0.0547534801640508,0.03123706153002581,0.013887254593194918
thoroughbred,eon,0.15625,0.0076247876475386,0.040463748167080316,0.019441086071120814
thoroughbred,saint,0.1428571428571429,0.17180239826426835,0.12006897385436355,0.029116912420914336
constellation,choreographer,0.1428571428571429,-0.021270931338821297,0.09174111883336666,0.02612949921367669
sea,war,0.1428571428571429,0.13937020683109114,0.1861385976835387,0.05432958627177036
channel,composer,0.1428571428571429,0.13526428825603276,0.051284231463044616,0.01809253190601521
waterfall,inventor,0.1428571428571429,0.04387602761334208,0.2052446412807232,0.030504213904092917
desert,jurist,0.1428571428571429,0.0024826245974246537,0.014479825515825384,0.0035327560887507283
prayer,biologist,0.1428571428571429,0.0392528787554699,0.11884605878590038,0.049624311539265116
gulf,religious_text,0.1428571428571429,0.012727353852240995,0.060180762509852374,0.018585391625222384
geneticist,state_capital,0.1428571428571429,-0.01433977362478456,0.03973057475630904,0.00838407346172843
asterism,suspension_bridge,0.14,0.13660127179936146,0.1783616751508459,0.05220829185217251
country,cartoonist,0.14,0.11757945925994615,0.005340219592097961,0.0012637423521225325
prayer,web_browser,0.14,0.043032532186463635,0.05503405523140637,0.021621430898446637
binary_star,composer,0.14,0.07568260889263656,0.08107503366997015,0.03291772710805159
poet,thoroughbred,0.14,0.17177123953307272,0.1339560101534768,0.040160720175646314
era,island,0.14,-0.04535222455007126,0.14278058984552922,0.03723367112657838
crusade,painter,0.14,0.0932706740166166,0.2352928525734637,0.0905897247420048
port_of_entry,lyricist,0.14,-0.009735510250375999,0.05894917849542014,0.01619783968823861
state_capital,playwright,0.14,0.03250082309189628,0.07365504807125944,0.015994409696695785
conductor,cape,0.14,0.031787613564034145,0.07152527070313364,0.025926633775839772
composer,volcano,0.14,0.05702814863229366,0.09682845432734376,0.03072318523545393
colony,web_browser,0.14,0.004618931576917729,0.025570026577226183,0.0070430603411881345
politician,star,0.12244897959183675,0.106000099884485,0.029651088071907306,0.006843234829104994
strait,film_producer,0.12244897959183675,-0.012792611475079596,0.08130338907452006,0.02415665840912432
lawyer,range,0.12244897959183675,0.002447969830482899,0.06665953655759904,0.01614545899087988
bay,king,0.12244897959183675,-0.007649564345193482,0.1401225158362005,0.028928439897437774
religious_text,surgeon,0.12244897959183675,0.032655715345586867,0.2051703634220109,0.05731236056396528
revolution,cartoonist,0.12,0.07376318136324722,0.2609932858918781,0.08181178401630182
national_park,general,0.12,-0.025152436843822512,0.1566865859535167,0.03334877951148057
desert,prayer,0.12,0.17436225264094707,0.02083065458713118,0.007031077113926672
tenor,plateau,0.12,0.028521400923756657,0.0644857063905866,0.023074455540512743
binary_star,county,0.12,0.0035691920213801742,0.006268551529531763,0.003058234004959329
river,archpriest,0.12,-0.003447590544537471,0.14389389172773304,0.02911707717279845
epistle,web_browser,0.12,0.060115629079495414,0.08967183766397968,0.04049409522328736
lake,prayer,0.12,0.014726497918462478,0.07234067627105056,0.025394315241512998
binary_star,waterfall,0.12,0.026993723956334925,0.17344721516606654,0.046612825626485166
volcano,settler,0.12,0.08942104665854468,0.10196823701124136,0.031673573593442465
binary_star,university,0.12,0.022594489305738152,0.043299145240557994,0.015637848106422894
plateau,neurologist,0.12,-0.004447568346331865,0.14885033960420113,0.05142120709186773
plateau,apostle,0.12,-0.007142667807890969,0.14748786475918466,0.03172901317188927
general,lake,0.12,0.08559868028064432,0.17225016620987654,0.030671813618140826
channel,web_browser,0.12,0.19356165487733712,0.036189713791310314,0.011602065925267841
gladiator,star,0.12,0.2000763594362286,0.05942107574640509,0.0239388301527476
poet,city,0.1020408163265306,-0.0008211456386368887,0.1854197223865497,0.02566513207843279
desert,neurologist,0.1020408163265306,0.007210420965676256,0.09088442735146762,0.029020027730754124
plateau,old_master,0.1020408163265306,0.0797101816107143,0.14369004622443016,0.053654307472267335
web_browser,island,0.1020408163265306,-0.030899843719817133,0.034137682566588216,0.007778527683596072
island,prayer,0.1020408163265306,0.017114812312946426,0.09820736641233617,0.02744692691108946
siege,surgeon,0.1020408163265306,0.005223926127970846,0.2631393067950297,0.050983493840007686
web_browser,suspension_bridge,0.09999999999999998,-0.029313290298408786,0.019818677672125532,0.0064537370673202815
web_browser,jew,0.09999999999999998,-0.005730607888500661,0.08125584727655344,0.024941547867016092
thoroughbred,era,0.09999999999999998,-0.0009158929180330676,0.04321643920219287,0.017223562768689787
suspension_bridge,fiddler,0.09999999999999998,0.0051117836317863255,0.06787650673000489,0.027611865380481687
desert,revolution,0.09999999999999998,0.14992582882115868,0.09850117041668104,0.031389853710177835
lake,composer,0.09999999999999998,-0.016636263733061263,0.07622201933485773,0.024002847958915254
soprano,terrestrial_planet,0.09999999999999998,0.027611461097228118,0.04861877201804876,0.016198912148250838
valley,university,0.09999999999999998,0.13364441517471493,0.11880426478110895,0.036195001312481316
desert,rock_star,0.09999999999999998,0.16238244220531894,0.09703479899327194,0.02587343183657732
jew,lake,0.09999999999999998,-0.03388765386769732,0.1441113355548741,0.03952022641886127
prayer,fashion_designer,0.09999999999999998,0.06768828616632505,0.06314863504260249,0.031452541553098415
strait,poet,0.09999999999999998,0.018682358447428386,0.14443270826881305,0.03807087487110376
lyricist,hill,0.08163265306122447,0.004426124330413006,0.09752773127683856,0.026999720592033632
bishop,river,0.07999999999999996,0.05659651424492251,0.0955350798276292,0.02189795021878613
lake,surgeon,0.07999999999999996,-0.00874140848583238,0.1183351203506211,0.02777033223597525
bay,friend,0.07999999999999996,0.14791691493776382,0.12231414698038978,0.03056836554246462
channel,financier,0.07999999999999996,-0.03875371003015205,0.1614660068679854,0.035758249912317484
palace,neurologist,0.07999999999999996,0.01879643167031908,0.19409281181876648,0.08199241167813744
state_capital,jazzman,0.07999999999999996,-0.027029301380453674,0.08951204400350188,0.0247443470667308
suspension_bridge,father,0.07999999999999996,0.0436845304072091,0.03847627315097457,0.011633671903459212
range,web_browser,0.07999999999999996,0.1951414506940912,0.09908303501989356,0.02734873683625149
bay,martyr,0.07999999999999996,0.057349741671252515,0.12952776719659256,0.03125487102295621
lake,wife,0.061224489795918324,-0.013377118027666056,0.026663428730793748,0.007083405805604545
waterfall,statesman,0.06000000000000005,0.03542513181400797,0.16586958628716242,0.025422724427201417
lake,web_browser,0.06000000000000005,-0.010051457679885356,0.05215037334721473,0.014924380452330794
rock_star,river,0.06000000000000005,0.05669256582148085,0.1003818304690286,0.02281800440937401
printer,gulf,0.06000000000000005,-0.056125502798751725,0.0003961753387896616,0.00010601260234627046
cape,printer,0.04081632653061229,-0.014063455832469485,0.08906452170731373,0.02309199940886298
colony,cartoonist,0.04081632653061229,0.052604664017135705,0.13403688446037487,0.031199066837883017
gulf,prayer,0.040000000000000036,-0.03844256947608105,0.03487164260659159,0.012421321041284732
bay,gladiator,0.040000000000000036,0.13936148103415358,0.03112841973307756,0.0093827246794202
lake,diplomat,0.040000000000000036,0.02313764748446889,0.18182234562798694,0.03915892416987725
